<!--
  e-Science Central
  Copyright (C) 2008-2013 School of Computing Science, Newcastle University

  This program is free software; you can redistribute it and/or
  modify it under the terms of the GNU General Public License
  version 2 as published by the Free Software Foundation at:
  http://www.gnu.org/licenses/gpl-2.0.html

  This program is distributed in the hope that it will be useful,
  but WITHOUT ANY WARRANTY; without even the implied warranty of
  MERCHANTABILITY or FITNESS FOR A PARTICULAR PURPOSE.  See the
  GNU General Public License for more details.

  You should have received a copy of the GNU General Public License
  along with this program; if not, write to the Free Software
  Foundation, Inc., 51 Franklin Street, 5th Floor, Boston, MA 02110-1301, USA.
-->
<WorkflowService>
    <!-- Name of the service, and also the caption that will appear     -->
    <!-- in the top line of the block on the workflow editor            -->
    <Name>Gnuplot</Name>

    <!-- Service description that appears at the bottom of the editor   -->
    <!-- window when the block is selected                              -->
    <Description>Produce a chart with Gnuplot</Description>

    <!-- Category to place the service in on the editor palette         -->
    <Category>My Services</Category>

    <!-- Homepage for block documentation                               -->
    <Homepage>/</Homepage>

    <!-- DO NOT change for standard GNUPLOT workflow services           -->
    <ServiceRoutine>com.connexience.server.workflow.cloud.services.GnuPlotDataProcessorService</ServiceRoutine>

    <!-- Auto deployed service. Do NOT change for dynamically deployed  -->
    <!-- services that are uploaded via this editor                     -->
    <ServiceType>AUTO</ServiceType>

    <!-- Data streaming mode for this service. This can be one of:      -->
    <!--                                                                -->
    <!-- nostream   - Data is passed in one block through service       -->
    <!-- sequential - Data is streamed one connection at a time         -->
    <!-- parallel   - Data is streamed from all connections in parallel -->
    <StreamMode>nostream</StreamMode>
    
       <!-- Is this service idempotent, i.e. does it have any side effects -->
    <!-- true - This service does not have any side effects             -->
    <!-- false - This service has side effects                          -->
    <Idempotent>true</Idempotent>

    <!-- Is this service deterministic.  Will it always return the same -->
    <!-- output for a given input?                                      -->
    <!-- true - This service is deterministic                           -->
    <!-- false - This service is not deterministic                      -->
    <Deterministic>true</Deterministic>

    <!-- Editable service parameters. These properties define what is   -->
    <!-- displayed in the properties panel when a block is selected in  -->
    <!-- the workflow editor. The format of properties is:              -->
    <!--                                                                -->
    <!-- <Property name="" type="" description="" default=""/>          -->
    <!--                                                                -->
    <!-- A list of options is supported for Text and numerical          -->
    <!-- properties, so adding options="A,B,C" will show a drop down    -->        
    <!-- list in the editor. The values in options are comma delimited  -->        
    <!--                                                                -->      
    <!--                                                                -->    
    <!-- Where:     name = property name without spaces                 -->
    <!--            type = Document - file reference                    -->
    <!--                   Folder - folder reference                    -->
    <!--                   Integer - integer paramater                  -->
    <!--                   Boolean - true / false value                 -->
    <!--                   String - text parameter                      -->
    <!--                   Double - floating point value                -->
    <!--                   Date - java date parameter                   -->
    <!--                   StringList - vector of text values           -->
    <!--                   TwoColumnList - two columns of text values   -->
    <!--                   ServerObject - an arbitraray object that the -->
    <!--                                  user has access to. The class -->
    <!--                                  name used for searching is set-->
    <!--                                  in the default attribute      -->
    <Properties>
        <Property name="Filename" type="String" description="Name of uploaded graph file" default="graph.svg"/>
        <Property name="Comments" type="String" description="Comments to attach to uploaded file" default="GNUPlot graph"/>
        <Property name="Width" type="Integer" description="Plot width in pixels" default="700"/>
        <Property name="Height" type="Integer" description="Plot height in pixels" default="400"/>
        <Property name="UploadCommands" type="Boolean" description="Should the raw GNU Plot commands be stored in the workflow directory for debugging" default="false"/>
        <Property name="persistData" type="Boolean"
                  description="Should the output of this block be automatically persisted back to the server" default="false"/>

        <Property name="Title" type="String" />
        <Property name="XLabel" type="String" default="x" />
        <Property name="YLabel" type="String" default="x" />
        <Property name="ZLabel" type="String" default="x" />
        <Property name="MinColumn" type="Integer" default="0" />
        <Property name="MaxColumn" type="Integer" default="0" />
    </Properties>

    <!-- Definition of all of the inputs to a service. The format is:   -->
    <!--                                                                -->
    <!-- <Input name="" type="" streaming=""/>                          -->
    <!--                                                                -->
    <!-- Where:     name = name of input also displayed on connections  -->
    <!--            type = data-wrapper - mixed matrix of data          -->
    <!--                   file-wrapper - list of file names            -->
    <!--                   object-wrapper - Serialized Java object      -->
    <!--            streaming = true / false - is this a streaming link -->
    <Inputs>
        <Input name="input-data" type="data-wrapper"/>
    </Inputs>

    <!-- Definition of all of the outputs from service. The format is:  -->
    <!--                                                                -->
    <!-- <Output name="" type="" streaming=""/>                         -->
    <!--                                                                -->
    <!-- Where:     name = name of input also displayed on connections  -->
    <!--            type = data-wrapper - mixed matrix of data          -->
    <!--                   file-wrapper - list of file names            -->
    <!--                   object-wrapper - Serialized Java object      -->
    <!--            streaming = true / false - is this a streaming link -->
    <Outputs>
        
    </Outputs>

</WorkflowService>