<?xml version="1.0" encoding="UTF-8"?>
<!--
  Copyright 2014-2015 EUBrazilCC (EU‐Brazil Cloud Connect)

  This program is free software; you can redistribute it and/or
  modify it under the terms of the GNU General Public License
  version 2 as published by the Free Software Foundation at:
  http://www.gnu.org/licenses/gpl-2.0.html

  This program is distributed in the hope that it will be useful,
  but WITHOUT ANY WARRANTY; without even the implied warranty of
  MERCHANTABILITY or FITNESS FOR A PARTICULAR PURPOSE.  See the
  GNU General Public License for more details.

  You should have received a copy of the GNU General Public License
  along with this program; if not, write to the Free Software
  Foundation, Inc., 51 Franklin Street, 5th Floor, Boston, MA 02110-1301, USA.
-->
<WorkflowService>
    <!-- Name of the service, and also the caption that will appear     -->
    <!-- in the top line of the block on the workflow editor            -->
    <Name>Import NetCDF</Name>

    <!-- Service description that appears at the bottom of the editor   -->
    <!-- window when the block is selected                              -->
    <Description>Import a NetCDF file into a datacube in Ophidia</Description>

    <!-- Category to place the service in on the editor palette         -->
    <Category>Ophidia</Category>

    <!-- Homepage for block documentation                               -->
    <Homepage>/</Homepage>

    <!-- Class name of the service. This needs to extend either the     -->
    <!-- DataProcessorService or the CloudDataProcessorService object   -->
    <!--ServiceRoutine>CmdLineWrapper</ServiceRoutine-->
    <ServiceRoutine>com.connexience.server.workflow.cloud.services.ShellDataProcessorService</ServiceRoutine>

    <!-- Auto deployed service. Do NOT change for dynamically deployed  -->
    <!-- services that are uploaded via this editor                     -->
    <ServiceType>AUTO</ServiceType>

    <!-- Data streaming mode for this service. This can be one of:      -->
    <!--                                                                -->
    <!-- nostream   - Data is passed in one block through service       -->
    <!-- sequential - Data is streamed one connection at a time         -->
    <!-- parallel   - Data is streamed from all connections in parallel -->
    <StreamMode>nostream</StreamMode>
    
    <!-- Editable service parameters. These properties define what is   -->
    <!-- displayed in the properties panel when a block is selected in  -->
    <!-- the workflow editor. The format of properties is:              -->
    <!--                                                                -->
    <!-- <Property name="" type="" description="" default=""/>          -->
    <!--                                                                -->
    <!-- A list of options is supported for Text and numerical          -->
    <!-- properties, so adding options="A,B,C" will show a drop down    -->
    <!-- list in the editor. The values in options are comma delimited  -->
    <!--                                                                -->
    <!--                                                                -->
    <!-- Where:  name = property name without spaces                    -->
    <!--         type = Document - file reference                       -->
    <!--                Folder - folder reference                       -->
    <!--                Integer - integer paramater                     -->
    <!--                Boolean - true / false value                    -->
    <!--                String - text parameter                         -->
    <!--                Double - floating point value                   -->
    <!--                Date - java date parameter                      -->
    <!--                Project - Project / Study object             -->
    <!--                StringList - an array of text values. Use JSON  -->
    <!--                    notation to input the default value, e.g.   -->
    <!--                            default='["A", "B", 3]'             -->
    <!--                    will result in a list with three text       -->
    <!--                    values: A, B, 3                             -->
    <!--                    NOTE: JSON uses the double quotes (") to    -->
    <!--                    delimit text values, thus it is best to     -->
    <!--                    delimit the default value with single       -->
    <!--                    quotes (').                                 -->
    <!--                TwoColumnList - two columns of text values. Use -->
    <!--                    JSON notation to input the default value.   -->
    <!--                    The value is represented a JSON array of    -->
    <!--                    arrays, e.g.                                -->
    <!--                            default='[["A", 1], ["B", "C"]]'    -->
    <!--                    will result in a list with two pairs of     -->
    <!--                    text values.                                -->
    <!--                ServerObject - an arbitrary object that the user-->
    <!--                    has access to. The class name used for      -->
    <!--                    searching is set in the default attribute.  -->
    <Properties>
        <Property name="User Name" default="" type="String" category="Connection" />
        <Property name="User Password" default="" type="String"  category="Connection" />
        <Property name="Server Address" default="" type="String"  category="Connection" />
        <Property name="Server Port" default="" type="String"  category="Connection" />

        <Property name="Container Name" default="" type="String" description="Name of the input container" />
        <Property name="Explicit Dimensions" default="" type="String" description="Names of explicit dimensions. Multiple-value field: list of dimensions separated by “|” can be provided It implicitly defines explicit dimension number and level (order)" />
        <Property name="Explicit Concept Level" default="" type="String" description="Concept level short name (must be a single char) of explicit dimensions. Default value is “c” Multiple-value field: list of concept levels separated by “|” can be provided. Must be the same number of “exp_dim”" />
        <Property name="Implicit Dimensions" default="" type="String" description="Names of implicit dimensions. Multiple-value field: list of dimensions separated by “|” can be provided It implicitly defines implicit dimension number and level (order). Must be the same number of “imp_concept_level”" />
        <Property name="Implicit Concept Level" default="" type="String" description="Concept level short name (must be a single char) of implicit dimensions. Default value is “c” Multiple-value field: list of concept levels separated by “|” can be provided" />
        <Property name="File Path" default="" type="String" description="Path of the NetCDF file" />
        <Property name="Host Partition" default="" type="String" description="Name of I/O host partition used to store data" />
        <Property name="Measure" default="" type="String" description="Name of the measure related to the NetCDF file" />
        <Property name="Compressed" default="true" type="Boolean" description="Save compressed data with “yes” (default) or original data with “no”" />
        <Property name="Filesystem Type" default="global" type="String" options="global,local" description="Type of filesystem used to store data" />
        <Property name="Subset Filter" default="" type="String" description="Enumeration of comma-separated elementary filters (1 series of filters for each dimension). Possible forms are:
* start_value : single value specifying the start index of the subset
* start_value:stop_value : select elements from start_index to stop_index
Values should be numbers. Example: subset_dims=lat|lon;subset_filter=35:45|15:20; Multiple-value field: list of filters separated by “|” can be provided Must be the same number of “subset_dims”" />
        <Property name="Subset Dimensions" default="" type="String" description="Dimension names used for the subsetting. Multiple-value field: list of dimensions separated by “|” can be provided Must be the same number of “subset_filter”" />
        <Property name="Subset Types" default="index" type="String" options="index,coord" description="If set to “index” (default), the subset_filter is considered on dimension index. With “coord”, filter is considered on dimension values" />
        <!--Property name="" default="" type="String" description="" /-->

        <Property name="Number of Output Databases" default="1" type="Integer" description="" category="Advanced" />
        <Property name="Number of Output DBMS" default="1" type="Integer" description="" category="Advanced" />
        <Property name="Number of Output Hosts" default="1" type="Integer" description="" category="Advanced" />

        <!--
        <Property name="DebugMode" default="false" type="Boolean" category="Debugging" description="" />
        <Property name="DebugSuspended" default="true" type="Boolean" category="Debugging" description="" />
        <Property name="DebugPort" default="5005" type="Integer" category="Debugging" description="" />
        -->
    </Properties>

    <!-- Definition of all of the inputs to a service. The format is:   -->
    <!--                                                                -->
    <!-- <Input name="" type="" streaming=""/>                          -->
    <!--                                                                -->
    <!-- Where:     name = name of input also displayed on connections  -->
    <!--            type = data-wrapper - mixed matrix of data          -->
    <!--                   file-wrapper - list of file names            -->
    <!--                   object-wrapper - Serialized Java object      -->
    <!--                   properties-wrapper - List of name-value pairs-->
    <!--                   link-wrapper - Reference to server documents -->
    <!--            streaming = true / false - is this a streaming link -->
    <!--            optional=true|false is this an optional input       -->
    <Inputs>
        <Input name="properties" type="properties-wrapper" optional="true" />
    </Inputs>

    <!-- Definition of all of the outputs from service. The format is:  -->
    <!--                                                                -->
    <!-- <Output name="" type="" streaming=""/>                         -->
    <!--                                                                -->
    <!-- Where:     name = name of input also displayed on connections  -->
    <!--            type = data-wrapper - mixed matrix of data          -->
    <!--                   file-wrapper - list of file names            -->
    <!--                   object-wrapper - Serialized Java object      -->
    <!--            streaming = true / false - is this a streaming link -->
    <Outputs>
        <Output name="properties" type="properties-wrapper" />
    </Outputs>

</WorkflowService>
